Nr Komisji Okręgowej[1-51];Kod Komisji Obwodowej;Numer obwodu;Typ Obwodu;Nazwa lokalu;Adres lokalu;Uprawnionych do głosowania
10;106101-1;1;P; Studio Consulting Sp. z o.o.;ul. Romanowska 55F, 91-174 Łódź;964
10;106101-2;2;P;Świetlica Ochotniczej Straży Pożarnej Łódź-Mikołajew;ul. Plonowa 18, 91-156 Łódź;1940
10;106101-3;3;P;Świetlica Ochotniczej Straży Pożarnej Łódź-Mikołajew;ul. Plonowa 18, 91-156 Łódź;553
10;106101-4;4;P;XV Liceum Ogólnokształcące im. Jana Kasprowicza;ul. Traktorowa 77, 91-204 Łódź;1016
10;106101-5;5;P;Laboratorium Produkcji Ogrodniczej w Zespole Szkół Rzemiosła im. Jana Kilińskiego;ul. Liściasta 181, 91-220 Łódź;865
10;106101-6;6;P;Szkoła Podstawowa nr 48 im. Stanisława Moniuszki;ul. Rydzowa 15, 91-211 Łódź;871
10;106101-7;7;P;Szkoła Podstawowa nr 71 im. Henryka Sienkiewicza;ul. Rojna 58C, 91-134 Łódź;1184
10;106101-8;8;P;Szkoła Podstawowa nr 48 im. Stanisława Moniuszki;ul. Rydzowa 15, 91-211 Łódź;1275
10;106101-9;9;P;Szkoła Podstawowa nr 48 im. Stanisława Moniuszki;ul. Rydzowa 15, 91-211 Łódź;1156
10;106101-10;10;P;Szkoła Podstawowa nr 48 im. Stanisława Moniuszki;ul. Rydzowa 15, 91-211 Łódź;1791
10;106101-11;11;P;Publiczne Gimnazjum nr 13 im. gen. Józefa Bema;ul. Wici 16, 91-213 Łódź;1820
10;106101-12;12;P;Publiczne Gimnazjum nr 13 im. gen. Józefa Bema;ul. Wici 16, 91-213 Łódź;1410
10;106101-13;13;P;Szkoła Podstawowa nr 71 im. Henryka Sienkiewicza;ul. Rojna 58C, 91-134 Łódź;1675
10;106101-14;14;P;Publiczne Gimnazjum nr 7 im. Mikołaja Kopernika;ul. Rojna 33, 91-134 Łódź;1572
10;106101-15;15;P;Publiczne Gimnazjum nr 7 im. Mikołaja Kopernika;ul. Rojna 33, 91-134 Łódź;1159
10;106101-16;16;P;Publiczne Gimnazjum nr 7 im. Mikołaja Kopernika;ul. Rojna 33, 91-134 Łódź;1223
10;106101-17;17;P;"Szkoła Podstawowa nr 3 im. mjr. Henryka Dobrzańskiego ""Hubala""";al. Harcerzy Zatorowców 6, 91-144 Łódź;1400
10;106101-18;18;P;"Szkoła Podstawowa nr 3 im. mjr. Henryka Dobrzańskiego ""Hubala""";al. Harcerzy Zatorowców 6, 91-144 Łódź;1477
10;106101-19;19;P;Przedszkole Miejskie nr 141;al. Pasjonistów 15, 91-140 Łódź;1997
10;106101-20;20;P;Przedszkole Miejskie nr 123;ul. Rojna 24, 91-134 Łódź;1215
10;106101-21;21;P;Dom Dziennego Pobytu dla Osób Niepełnosprawnych;ul. Rojna 18a, 91-128 Łódź;1436
10;106101-22;22;P;Przedszkole Miejskie nr 123;ul. Rojna 24, 91-134 Łódź;927
10;106101-23;23;P;"Szkoła Podstawowa nr 182 im. Tadeusza Zawadzkiego ""Zośki""";ul. Łanowa 16, 91-103 Łódź;1492
10;106101-24;24;P;"Szkoła Podstawowa nr 182 im. Tadeusza Zawadzkiego ""Zośki""";ul. Łanowa 16, 91-103 Łódź;1689
10;106101-25;25;P;"Bałucki Ośrodek Kultury ""Lutnia""";ul. Łanowa 14, 91-103 Łódź;1346
10;106101-26;26;P;Publiczne Gimnazjum nr 17 im. Bohaterów Monte Cassino;ul. Traktorowa 35, 91-117 Łódź;1844
10;106101-27;27;P;Zespół Szkół Specjalnych nr 5;ul. Plantowa 7, 91-104 Łódź;2124
10;106101-28;28;P;Szkoła Policealna nr 2 Samorządu Województwa Łódzkiego im. Marii Skłodowskiej-Curie;ul. Wielkopolska 70/72, 91-029 Łódź;1171
10;106101-29;29;P;Szkoła Policealna nr 2 Samorządu Województwa Łódzkiego im. Marii Skłodowskiej-Curie;ul. Wielkopolska 70/72, 91-029 Łódź;1745
10;106101-30;30;P;Szkoła Podstawowa nr 56 im. Bronisława Czecha;ul. Turoszowska 10, 91-025 Łódź;1523
10;106101-31;31;P;Szkoła Podstawowa nr 56 im. Bronisława Czecha;ul. Turoszowska 10, 91-025 Łódź;867
10;106101-32;32;P;Publiczne Gimnazjum nr 8 im. Tadeusza Kościuszki;ul. Żubardzka 26, 91-032 Łódź;1520
10;106101-33;33;P;Publiczne Gimnazjum nr 8 im. Tadeusza Kościuszki;ul. Żubardzka 26, 91-032 Łódź;1705
10;106101-34;34;P;Szkoła Podstawowa nr 122;ul. Jesionowa 38, 91-363 Łódź;1998
10;106101-35;35;P;Szkoła Podstawowa nr 122;ul. Jesionowa 38, 91-363 Łódź;1050
10;106101-36;36;P;Szkoła Podstawowa nr 122;ul. Jesionowa 38, 91-363 Łódź;1138
10;106101-37;37;P;Szkoła Podstawowa nr 122;ul. Jesionowa 38, 91-363 Łódź;1804
10;106101-38;38;P;Zespół Szkół Ogólnokształcących nr 4 im. Ireny Sendlerowej;ul. Stawowa 28, 91-358 Łódź;1828
10;106101-39;39;P;Zespół Szkół Ogólnokształcących nr 4 im. Ireny Sendlerowej;ul. Stawowa 28, 91-358 Łódź;1238
10;106101-40;40;P;Zespół Szkół Ogólnokształcących nr 4 im. Ireny Sendlerowej;ul. Stawowa 28, 91-358 Łódź;913
10;106101-41;41;P;Przedszkole Miejskie nr 97;ul. Bema 6, 91-492 Łódź;2016
10;106101-42;42;P;Przedszkole Miejskie nr 97;ul. Bema 6, 91-492 Łódź;2242
10;106101-43;43;P;Szkoła Podstawowa nr 206;ul. Łozowa 9, 91-496 Łódź;1062
10;106101-44;44;P;Szkoła Podstawowa nr 206;ul. Łozowa 9, 91-496 Łódź;1607
10;106101-45;45;P;Szkoła Podstawowa nr 184 im. Ludwika Waryńskiego;ul. Syrenki 19A, 91-496 Łódź;1910
10;106101-46;46;P;Szkoła Podstawowa nr 184 im. Ludwika Waryńskiego;ul. Syrenki 19A, 91-496 Łódź;2139
10;106101-47;47;P;Szkoła Podstawowa nr 184 im. Ludwika Waryńskiego;ul. Syrenki 19A, 91-496 Łódź;1856
10;106101-48;48;P;Przedszkole Miejskie nr 204;ul. Sitowie 15, 91-495 Łódź;1652
10;106101-49;49;P;Szkoła Podstawowa nr 206;ul. Łozowa 9, 91-496 Łódź;1282
10;106101-50;50;P;Szkoła Podstawowa nr 206;ul. Łozowa 9, 91-496 Łódź;1475
10;106101-51;51;P;Szkoła Podstawowa nr 166 im. 19 Stycznia;ul. Szamotulska 1/7, 91-037 Łódź;1158
10;106101-52;52;P;Szkoła Podstawowa nr 166 im. 19 Stycznia;ul. Szamotulska 1/7, 91-037 Łódź;2153
10;106101-53;53;P;XXX Liceum Ogólnokształcące im. ks. bp. Ignacego Krasickiego;ul. Obornicka 11/13, 91-039 Łódź;842
10;106101-54;54;P;XXX Liceum Ogólnokształcące im. ks. bp. Ignacego Krasickiego;ul. Obornicka 11/13, 91-039 Łódź;1489
10;106101-55;55;P;Publiczne Gimnazjum nr 6 im. ks. Stanisława Konarskiego;ul. Limanowskiego 124A, 91-041 Łódź;1328
10;106101-56;56;P;Zespół Szkół Ekonomiczno- Turystyczno-Hotelarskich im. Władysława Grabskiego;ul. Drewnowska 171, 91-008 Łódź;917
10;106101-57;57;P;Zespół Państwowych Szkół Plastycznych im. Tadeusza Makowskiego;ul. Gandhiego 14, 91-012 Łódź;1210
10;106101-58;58;P;Szkoła Podstawowa nr 35 im. Mariana Piechala;ul. Tybury 4, 91-013 Łódź;1300
10;106101-59;59;P;Szkoła Podstawowa nr 35 im. Mariana Piechala;ul. Tybury 4, 91-013 Łódź;1342
10;106101-60;60;P;Grupa Szkół Łódzkiego Stowarzyszenia na Rzecz Porozumienia z Europą;ul. Wrześnieńska 64, 91-045 Łódź;1745
10;106101-61;61;P;Szkoła Podstawowa nr 54 im. Kornela Makuszyńskiego;ul. Wróbla 5, 91-050 Łódź;1004
10;106101-62;62;P;Szkoła Podstawowa nr 54 im. Kornela Makuszyńskiego;ul. Wróbla 5, 91-050 Łódź;1504
10;106101-63;63;P;Szkoła Podstawowa nr 54 im. Kornela Makuszyńskiego;ul. Wróbla 5, 91-050 Łódź;1893
10;106101-64;64;P;Zespół Szkół Ponadgimnazjalnych nr 5 im. Króla Bolesława Chrobrego;ul. Drewnowska 88, 91-008 Łódź;482
10;106101-65;65;P;Zespół Szkół Ponadgimnazjalnych nr 7;ul. Prożka 3/5, 91-335 Łódź;743
10;106101-66;66;P;Szkoła Podstawowa nr 24 im. Hanki Sawickiej;ul. Ciesielska 14A, 91-308 Łódź;1782
10;106101-67;67;P;Publiczne Gimnazjum nr 12 im. Noblistów Polskich;ul. Księdza Brzóski 23, 91-315 Łódź;1464
10;106101-68;68;P;Publiczne Gimnazjum nr 12 im. Noblistów Polskich;ul. Księdza Brzóski 23, 91-315 Łódź;1206
10;106101-69;69;P;Szkoła Podstawowa nr 55 im. Eugeniusza Lokajskiego;ul. Mackiewicza 9, 91-349 Łódź;1968
10;106101-70;70;P;Szkoła Podstawowa nr 55 im. Eugeniusza Lokajskiego;ul. Mackiewicza 9, 91-349 Łódź;937
10;106101-71;71;P;Szkoła Podstawowa nr 65 im. Juliusza Słowackiego;ul. Pojezierska 10, 91-322 Łódź;1939
10;106101-72;72;P;Szkoła Podstawowa nr 65 im. Juliusza Słowackiego;ul. Pojezierska 10, 91-322 Łódź;1451
10;106101-73;73;P;Szkoła Podstawowa nr 65 im. Juliusza Słowackiego;ul. Pojezierska 10, 91-322 Łódź;1511
10;106101-74;74;P;Przedszkole Miejskie nr 202;ul. Sędziowska 8/10, 91-304 Łódź;2013
10;106101-75;75;P;Przedszkole Miejskie nr 149;ul. Murarska 42, 91-469 Łódź;1987
10;106101-76;76;P;Szkoła Podstawowa nr 101 im. Jana Kochanowskiego;ul. Wspólna 5/7, 91-464 Łódź;1213
10;106101-77;77;P;Szkoła Podstawowa nr 101 im. Jana Kochanowskiego;ul. Wspólna 5/7, 91-464 Łódź;1403
10;106101-78;78;P;Szkoła Podstawowa nr 101 im. Jana Kochanowskiego;ul. Wspólna 5/7, 91-464 Łódź;1865
10;106101-79;79;P;Przedszkole Miejskie nr 176;ul. Blacharska 21, 91-470 Łódź;1601
10;106101-80;80;P;Urząd Stanu Cywilnego;ul. Zgierska 71, 91-463 Łódź;739
10;106101-81;81;P;Szkoła Podstawowa nr 45 im. Jana Matejki;ul. Bojowników Getta Warszawskiego 3, 91-431 Łódź;1706
10;106101-82;82;P;XIII Liceum Ogólnokształcące im. Marii Piotrowiczowej;ul. Pacanowskiej 4, 91-430 Łódź;1994
10;106101-83;83;P;Szkoła Podstawowa nr 30 im. rtm. Witolda Pileckiego;ul. Rysownicza 1/3, 91-855 Łódź;1091
10;106101-84;84;P;Szkoła Podstawowa nr 30 im. rtm. Witolda Pileckiego;ul. Rysownicza 1/3, 91-855 Łódź;1675
10;106101-85;85;P;Zespół Szkół Przemysłu Spożywczego im. Powstańców Wielkopolskich;ul. Franciszkańska 137, 91-845 Łódź;1791
10;106101-86;86;P;Zespół Szkół Przemysłu Spożywczego im. Powstańców Wielkopolskich;ul. Franciszkańska 137, 91-845 Łódź;1883
10;106101-87;87;P;XXIV Liceum Ogólnokształcące im. Marii Skłodowskiej-Curie;ul. Marysińska 61/67, 91-850 Łódź;2120
10;106101-88;88;P;XXIV Liceum Ogólnokształcące im. Marii Skłodowskiej-Curie;ul. Marysińska 61/67, 91-850 Łódź;1150
10;106101-89;89;P;Przedszkole Miejskie nr 35;ul. Zachodnia 16A, 91-058 Łódź;1768
10;106101-90;90;P;Szkoła Podstawowa nr 58 im. Melchiora Wańkowicza;ul. Młynarska 42/46, 91-838 Łódź;1139
10;106101-91;91;P;Szkoła Podstawowa nr 58 im. Melchiora Wańkowicza;ul. Młynarska 42/46, 91-838 Łódź;1072
10;106101-92;92;P;Centrum Zajęć Pozaszkolnych nr 1;ul. Zawiszy Czarnego 39, 91-818 Łódź;1692
10;106101-93;93;P;Centrum Zajęć Pozaszkolnych nr 1;ul. Zawiszy Czarnego 39, 91-818 Łódź;1935
10;106101-94;94;P;Publiczne Gimnazjum nr 14 im. Roberta Schumana;al. I Dywizji 16/18, 91-836 Łódź;1625
10;106101-95;95;P;Zespół Szkół Zawodowych Specjalnych nr 2;al. I Dywizji 16/18, 91-744 Łódź;1119
10;106101-96;96;P;Szkoła Podstawowa nr 153 im. Marii Skłodowskiej-Curie;ul. Obrońców Westerplatte 28, 91-762 Łódź;1628
10;106101-97;97;P;Szkoła Podstawowa nr 45 im. Jana Matejki;ul. Bojowników Getta Warszawskiego 3, 91-705 Łódź;611
10;106101-98;98;P;Publiczne Gimnazjum nr 18 im. prof. Jana Karskiego;ul. Mostowskiego 23/27, 91-705 Łódź;1984
10;106101-99;99;P;Lokal Rady Osiedla Bałuty-Doły;ul. Wojska Polskiego 122, 91-743 Łódź;541
10;106101-100;100;P;Zespół Szkół Specjalnych nr 3 im. Jacka Kuronia;ul. Sucharskiego 2, 91-744 Łódź;2209
10;106101-101;101;P;Szkoła Podstawowa nr 81 im. Bohaterskich Dzieci Łodzi;ul. Plater 28/32, 91-762 Łódź;1296
10;106101-102;102;P;Publiczne Gimnazjum nr 18 im. prof. Jana Karskiego;ul. Mostowskiego 23/27, 91-705 Łódź;1424
10;106101-103;103;P;Publiczne Gimnazjum nr 10 im. Rajmunda Hiacynta Rembielińskiego;ul. Harcerska 8/10, 91-710 Łódź;1400
10;106101-104;104;P;Publiczne Gimnazjum nr 10 im. Rajmunda Hiacynta Rembielińskiego;ul. Harcerska 8/10, 91-710 Łódź;1541
10;106101-105;105;P;Zespół Szkół Ponadgimnazjalnych nr 10 im. Jana Szczepanika;ul. Strykowska 10/18, 91-725 Łódź;1212
10;106101-106;106;P;Szkoła Podstawowa nr 61 im. św. Franciszka z Asyżu;ul. Okólna 183, 91-520 Łódź;541
10;106101-107;107;P;Świetlica Ochotniczej Straży Pożarnej Łódź-Łagiewniki;ul. Pszczelna 84, 91-511 Łódź;775
10;106101-108;108;P;Szkoła Podstawowa nr 142 im. Zawiszy Czarnego;ul. Łupkowa 6, 91-527 Łódź;1130
10;106101-109;109;P;Publiczne Gimnazjum nr 15 im. Aleksego Rżewskiego;ul. Sowińskiego 50/56, 91-485 Łódź;1765
10;106101-110;110;P;Szkoła Podstawowa nr 172 im. prof. Stefana Banacha;ul. Jaskrowa 15, 91-480 Łódź;1834
10;106101-111;111;P;Specjalny Ośrodek Szkolno-Wychowawczy nr 6 im. mjr. Hieronima Baranowskiego;ul. Dziewanny 24, 91-866 Łódź;1028
10;106101-112;112;P;Przedszkole Miejskie nr 47;ul. Deczyńskiego 24, 91-867 Łódź;1823
10;106101-113;113;P;Zespół Szkół Ponadgimnazjalnych nr 13 im. Sybiraków;ul. Skrzydlata 15, 91-503 Łódź;1766
10;106101-114;114;P;Szkoła Podstawowa nr 142 im. Zawiszy Czarnego;ul. Łupkowa 6, 91-527 Łódź;1777
10;106101-115;115;P;Szkoła Podstawowa nr 10 im. Władysława Broniewskiego;ul. Przybyszewskiego 15/21, 93-188 Łódź;1025
10;106101-116;116;P;Szkoła Podstawowa nr 10 im. Władysława Broniewskiego;ul. Przybyszewskiego 15/21, 93-188 Łódź;1767
10;106101-117;117;P;Abis Sp. z o.o.;ul. Rzgowska 17A, 93-008 Łódź;1579
10;106101-118;118;P;Zespół Szkół Ponadgimnazjalnych nr 22;ul. Przybyszewskiego 73/75, 93-126 Łódź;940
10;106101-119;119;P;Zespół Szkół Ponadgimnazjalnych nr 22;ul. Przybyszewskiego 73/75, 93-126 Łódź;1266
10;106101-120;120;P;Zespół Szkół Ponadgimnazjalnych nr 22;ul. Przybyszewskiego 73/75, 93-126 Łódź;1777
10;106101-121;121;P;Publiczne Gimnazjum nr 40 im. Wandy Rutkiewicz;ul. Kaliska 25/27, 93-130 Łódź;2068
10;106101-122;122;P;Ogólnokształcąca Szkoła Muzyczna I i II stopnia im. Henryka Wieniawskiego;ul. Sosnowa 9, 93-102 Łódź;2043
10;106101-123;123;P;"Ośrodek Kultury ""Górna""";ul. Siedlecka 1, 93-138 Łódź;1918
10;106101-124;124;P;Zespół Szkół Ponadgimnazjalnych nr 9 im. Komisji Edukacji Narodowej;al. Politechniki 38, 93-590 Łódź;2136
10;106101-125;125;P;Szkoła Podstawowa nr 83 im. Stanisława Jachowicza;ul. Podmiejska 21, 93-165 Łódź;831
10;106101-126;126;P;Szkoła Podstawowa nr 83 im. Stanisława Jachowicza;ul. Podmiejska 21, 93-165 Łódź;1493
10;106101-127;127;P;VI Liceum Ogólnokształcące im. Joachima Lelewela;ul. Podmiejska 21, 93-165 Łódź;2001
10;106101-128;128;P;Publiczne Gimnazjum nr 46 im. rtm. Witolda Pileckiego;ul. Krochmalna 15, 93-144 Łódź;1508
10;106101-129;129;P;Publiczne Gimnazjum nr 46 im. rtm. Witolda Pileckiego;ul. Krochmalna 15, 93-144 Łódź;1472
10;106101-130;130;P;Szkoła Podstawowa nr 38 im. dr. Henryka Jordana;ul. Krochmalna 21, 93-144 Łódź;1088
10;106101-131;131;P;Szkoła Podstawowa nr 38 im. dr. Henryka Jordana;ul. Krochmalna 21, 93-144 Łódź;1580
10;106101-132;132;P;Zespół Szkół Przemysłu Mody im. bł. Matki Teresy z Kalkuty;ul. Naruszewicza 35, 93-161 Łódź;1779
10;106101-133;133;P;Szkoła Podstawowa nr 190 im. Jarosława Iwaszkiewicza;ul. Malczewskiego 37/47, 93-154 Łódź;1566
10;106101-134;134;P;Szkoła Podstawowa nr 190 im. Jarosława Iwaszkiewicza;ul. Malczewskiego 37/47, 93-154 Łódź;1163
10;106101-135;135;P;Szkoła Podstawowa nr 174 im. Jana Machulskiego;ul. Gałczyńskiego 6, 93-259 Łódź;2017
10;106101-136;136;P;XXXI Liceum Ogólnokształcące im. Ludwika Zamenhofa;ul. Kruczkowskiego 4, 93-236 Łódź;2029
10;106101-137;137;P;XXXI Liceum Ogólnokształcące im. Ludwika Zamenhofa;ul. Kruczkowskiego 4, 93-236 Łódź;1772
10;106101-138;138;P;Publiczne Gimnazjum nr 44 im. Wisławy Szymborskiej;ul. Deotymy 1, 93-267 Łódź;1601
10;106101-139;139;P;Publiczne Gimnazjum nr 44 im. Wisławy Szymborskiej;ul. Deotymy 1, 93-267 Łódź;2222
10;106101-140;140;P;Przedszkole Miejskie nr 119;ul. Rydla 17, 93-203 Łódź;2000
10;106101-141;141;P;Szkoła Podstawowa nr 64 im. Hansa Christiana Andersena;ul. Anczyca 6, 93-262 Łódź;1100
10;106101-142;142;P;Szkoła Podstawowa nr 64 im. Hansa Christiana Andersena;ul. Anczyca 6, 93-262 Łódź;1652
10;106101-143;143;P;Szkoła Podstawowa nr 64 im. Hansa Christiana Andersena;ul. Anczyca 6, 93-262 Łódź;1822
10;106101-144;144;P;Miejska Biblioteka Publiczna Łódź-Górna im. Władysława Stanisława Reymonta Filia Nr 10;ul. Kadłubka 40, 93-248 Łódź;1484
10;106101-145;145;P;Przedszkole Miejskie nr 117;ul. Kadłubka 38, 93-248 Łódź;2086
10;106101-146;146;P;"Fundacja Pomocy Dzieciom ""Jaś i Małgosia""";ul. Tatrzańska 105, 93-279 Łódź;1625
10;106101-147;147;P;"Fundacja Pomocy Dzieciom ""Jaś i Małgosia""";ul. Tatrzańska 105, 93-279 Łódź;2004
10;106101-148;148;P;Szkoła Podstawowa nr 189 im. Wandy Zieleńczyk;ul. Kossaka 19, 93-213 Łódź;2033
10;106101-149;149;P;XXV Liceum Ogólnokształcące im. Stefana Żeromskiego;ul. Podhalańska 2A, 93-224 Łódź;2062
10;106101-150;150;P;XXV Liceum Ogólnokształcące im. Stefana Żeromskiego;ul. Podhalańska 2A, 93-224 Łódź;1633
10;106101-151;151;P;"Dom Ludowy ""Józefów""";ul. Józefów 43, 93-615 Łódź;958
10;106101-152;152;P;"Klub Osiedlowy Nr 1 Spółdzielni Mieszkaniowej ""Chojny""";ul. Skupiona 3, 93-323 Łódź;1993
10;106101-153;153;P;Szkoła Podstawowa nr 162 im. Jana Nowaka Jeziorańskiego;ul. Powszechna 15, 93-321 Łódź;1701
10;106101-154;154;P;Szkoła Podstawowa nr 162 im. Jana Nowaka Jeziorańskiego;ul. Powszechna 15, 93-321 Łódź;1886
10;106101-155;155;P;Szkoła Podstawowa nr 162 im. Jana Nowaka Jeziorańskiego;ul. Powszechna 15, 93-321 Łódź;2117
10;106101-156;156;P;Szkoła Podstawowa nr 110 im. Partyzantów Ziemi Łódzkiej;ul. Zamknięta 3, 93-323 Łódź;1838
10;106101-157;157;P;Szkoła Podstawowa nr 110 im. Partyzantów Ziemi Łódzkiej;ul. Zamknięta 3, 93-323 Łódź;1616
10;106101-158;158;P;Lokal Rady Osiedla Chojny;ul. Rzgowska 151, 93-303 Łódź;2434
10;106101-159;159;P;Szkoła Podstawowa nr 109 im. Ludwiki Wawrzyńskiej;ul. Pryncypalna 74, 93-379 Łódź;2044
10;106101-160;160;P;Szkoła Podstawowa nr 109 im. Ludwiki Wawrzyńskiej;ul. Pryncypalna 74, 93-379 Łódź;2356
10;106101-161;161;P;Szkoła Podstawowa nr 109 im. Ludwiki Wawrzyńskiej;ul. Pryncypalna 74, 93-379 Łódź;1441
10;106101-162;162;P;Zespół Szkół Ogólnokształcących nr 5 im. Juliana Tuwima;ul. Królewska 13/15, 93-319 Łódź;1745
10;106101-163;163;P;Zespół Szkół Ogólnokształcących nr 5 im. Juliana Tuwima;ul. Królewska 13/15, 93-319 Łódź;1105
10;106101-164;164;P;Zespół Szkół Ogólnokształcących nr 5 im. Juliana Tuwima;ul. Królewska 13/15, 93-319 Łódź;1435
10;106101-165;165;P;"Klub Osiedlowy Nr 2 Spółdzielni Mieszkaniowej ""Chojny""";ul. Gościnna 8, 93-356 Łódź;1242
10;106101-166;166;P;Zakład Hoteli i Budynków Mieszkalnych przy Instytucie Centrum Zdrowia Matki Polki w Łodzi;ul. Paradna 46, 93-345 Łódź;1368
10;106101-167;167;P;Zakład Hoteli i Budynków Mieszkalnych przy Instytucie Centrum Zdrowia Matki Polki w Łodzi;ul. Paradna 46, 93-345 Łódź;1117
10;106101-168;168;P;Krajowe Towarzystwo Autyzmu Oddział w Łodzi;ul. Chocianowicka 198, 93-460 Łódź;898
10;106101-169;169;P;Centrum Zajęć Pozaszkolnych nr 2;ul. Sopocka 3/5, 93-490 Łódź;1239
10;106101-170;170;P;Publiczne Gimnazjum nr 38 im. Kardynała Stefana Wyszyńskiego;ul. Dubois 7/9, 93-491 Łódź;2218
10;106101-171;171;P;Szkoła Podstawowa nr 138 im. Leopolda Staffa;ul. Świętego Franciszka 53, 93-479 Łódź;1512
10;106101-172;172;P;Szkoła Podstawowa nr 138 im. Leopolda Staffa;ul. Świętego Franciszka 53, 93-479 Łódź;1538
10;106101-173;173;P;Zespół Szkół Techniczno-Informatycznych im. Jana Nowaka Jeziorańskiego;al. Politechniki 37, 93-502 Łódź;1440
10;106101-174;174;P;Szkoła Podstawowa nr 42 im. Stanisława Staszica;ul. Przyszkole 42, 93-552 Łódź;1102
10;106101-175;175;P;Szkoła Podstawowa nr 42 im. Stanisława Staszica;ul. Przyszkole 42, 93-552 Łódź;1649
10;106101-176;176;P;XX Liceum Ogólnokształcące im. Juliusza Słowackiego;ul. Obywatelska 57, 93-562 Łódź;2073
10;106101-177;177;P;XX Liceum Ogólnokształcące im. Juliusza Słowackiego;ul. Obywatelska 57, 93-562 Łódź;910
10;106101-178;178;P;XX Liceum Ogólnokształcące im. Juliusza Słowackiego;ul. Obywatelska 57, 93-562 Łódź;512
10;106101-179;179;P;Zespół Szkół Techniczno-Informatycznych im. Jana Nowaka Jeziorańskiego;al. Politechniki 37, 93-502 Łódź;1040
10;106101-180;180;P;Szkoła Podstawowa nr 7 im. Orląt Lwowskich;ul. Wiosenna 1, 93-535 Łódź;2051
10;106101-181;181;P;Szkoła Podstawowa nr 7 im. Orląt Lwowskich;ul. Wiosenna 1, 93-535 Łódź;1798
10;106101-182;182;P;Zespół Szkół Ponadgimnazjalnych nr 2 im. Natalii Gąsiorowskiej;ul. Astronautów 19, 93-533 Łódź;1249
10;106101-183;183;P;Publiczne Gimnazjum nr 37;ul. Jarosławska 29, 93-524 Łódź;1742
10;106101-184;184;P;Publiczne Gimnazjum nr 37;ul. Jarosławska 29, 93-524 Łódź;832
10;106101-185;185;P;Szkoła Podstawowa nr 51 im. Stefana Linkego;ul. Ciołkowskiego 11A, 93-510 Łódź;1720
10;106101-186;186;P;IX Liceum Ogólnokształcące im. Jarosława Dąbrowskiego;ul. Paderewskiego 24, 93-025 Łódź;1413
10;106101-187;187;P;Szkoła Podstawowa nr 113 im. Adolfa Dygasińskiego;ul. Unicka 6, 93-009 Łódź;2012
10;106101-188;188;P;Szkoła Podstawowa nr 113 im. Adolfa Dygasińskiego;ul. Unicka 6, 93-009 Łódź;1814
10;106101-189;189;P;Szkoła Podstawowa nr 113 im. Adolfa Dygasińskiego;ul. Unicka 6, 93-009 Łódź;1429
10;106101-190;190;P;Lokal Rady Osiedla Piastów-Kurak;ul. Ciołkowskiego 11, 93-510 Łódź;1991
10;106101-191;191;P;Dom Pomocy Społecznej w Łodzi;ul. Rudzka 56, 93-423 Łódź;2294
10;106101-192;192;P;Szkoła Podstawowa nr 125 im. Janusza Korczaka;ul. Dzwonowa 18/20, 93-429 Łódź;1867
10;106101-193;193;P;Centrum Zajęć Pozaszkolnych nr 2;ul. Zjednoczenia 1, 93-402 Łódź;1501
10;106101-194;194;P;Szkoła Podstawowa nr 143;ul. Kuźnicka 12, 94-459 Łódź;1932
10;106101-195;195;P;Szkoła Podstawowa nr 125 im. Janusza Korczaka;ul. Dzwonowa 18/20, 93-429 Łódź;1674
10;106101-196;196;P;Ochotnicza Straż Pożarna Łódź-Jędrzejów;ul. Tomaszowska 85, 93-635 Łódź;799
10;106101-197;197;P;Szkoła Podstawowa nr 130 im. Marszałka Józefa Piłsudskiego;ul. Gościniec 1, 9-645 Łódź;1850
10;106101-198;198;P;Zespół Szkół Ogólnokształcących nr 7 im. Włodzimierza Puchalskiego;ul. Minerska 1/3, 94-304 Łódź;1685
10;106101-199;199;P;XVIII Liceum Ogólnokształcące im. Jędrzeja Śniadeckiego;ul. Perla 11, 94-203 Łódź;906
10;106101-200;200;P;XVIII Liceum Ogólnokształcące im. Jędrzeja Śniadeckiego;ul. Perla 11, 94-203 Łódź;1511
10;106101-201;201;P;Szkoła Podstawowa nr 91 im. Leonida Teligi;ul. Kasprzaka 45, 91-078 Łódź;1612
10;106101-202;202;P;Publiczne Gimnazjum nr 19 im. gen. Mariusza Zaruskiego;ul. Wapienna 17, 91-087 Łódź;1312
10;106101-203;203;P;Szkoła Podstawowa nr 91 im. Leonida Teligi;ul. Kasprzaka 45, 91-078 Łódź;1877
10;106101-204;204;P;Publiczne Gimnazjum nr 19 im. gen. Mariusza Zaruskiego;ul. Wapienna 17, 91-087 Łódź;1361
10;106101-205;205;P;Przedszkole Miejskie nr 53;ul. Kasprzaka 57, 91-078 Łódź;1640
10;106101-206;206;P;Zespół Opieki Zdrowotnej Łódź-Polesie Przychodnia Nr 33;ul. Kasprzaka 27, 91-078 Łódź;1646
10;106101-207;207;P;Szkoła Podstawowa nr 36;ul. Więckowskiego 35, 90-734 Łódź;1569
10;106101-208;208;P;Szkoła Podstawowa nr 36;ul. Więckowskiego 35, 90-734 Łódź;1774
10;106101-209;209;P;Publiczne Gimnazjum nr 26 im. Mikołaja Reja;al. 1 Maja 89, 90-755 Łódź;1445
10;106101-210;210;P;Zakład Doskonalenia Zawodowego Ośrodek Kształcenia Zawodowego Nr 3;ul. Próchnika 42, 90-713 Łódź;1522
10;106101-211;211;P;Urząd Skarbowy Łódź-Polesie;ul. 6 Sierpnia 84/86, 90-646 Łódź;1663
10;106101-212;212;P;Publiczne Gimnazjum nr 26 im. Mikołaja Reja;al. 1 Maja 89, 90-755 Łódź;1482
10;106101-213;213;P;"Szkoła Podstawowa nr 26 im. Armii ""Łódź""";ul. Kapitana Pogonowskiego 27/29, 90-745 Łódź;2075
10;106101-214;214;P;Szkoła Podstawowa nr 36;ul. Więckowskiego 35, 90-734 Łódź;1734
10;106101-215;215;P;I Liceum Ogólnokształcące im. Mikołaja Kopernika;ul. Więckowskiego 41, 90-734 Łódź;1431
10;106101-216;216;P;Szkoła Podstawowa nr 36;ul. Więckowskiego 35, 90-734 Łódź;1113
10;106101-217;217;P;Przedszkole Miejskie nr 208;ul. Gdańska 84, 90-613 Łódź;1093
10;106101-218;218;P;Szkoła Podstawowa nr 160 im. Powstańców Śląskich;ul. Struga 24, 90-513 Łódź;1478
10;106101-219;219;P;Gimnazjum Publiczne nr 24 im. gen. Józefa Wybickiego;ul. Żeromskiego 26, 90-737 Łódź;1407
10;106101-220;220;P;"Szkoła Podstawowa nr 26 im. Armii ""Łódź""";ul. Kapitana Pogonowskiego 27/29, 90-745 Łódź;1538
10;106101-221;221;P;Szkoła Podstawowa nr 46 im. Józefa Chełmońskiego;ul. Żwirki 11/13, 90-528 Łódź;1433
10;106101-222;222;P;"Towarzystwo Oświatowe ""Edukacja""";ul. Inżynierska 2/4, 93-569 Łódź;1492
10;106101-223;223;P;Szkoła Podstawowa nr 152 im. Elizy Orzeszkowej;ul. 28 Pułku Strzelców Kaniowskich 52/54, 9-559 Łódź;1546
10;106101-224;224;P;Zespół Szkół Specjalnych nr 2;ul. Karolewska 30/34, 90-561 Łódź;1222
10;106101-225;225;P;Zespół Szkół Specjalnych nr 2;ul. Karolewska 30/34, 90-561 Łódź;1100
10;106101-226;226;P;XXI Liceum Ogólnokształcące im. Bolesława Prusa;ul. Kopernika 2, 90-509 Łódź;1201
10;106101-227;227;P;XXI Liceum Ogólnokształcące im. Bolesława Prusa;ul. Kopernika 2, 90-509 Łódź;920
10;106101-228;228;P;Szkoła Podstawowa nr 19;ul. Balonowa 1, 94-108 Łódź;1469
10;106101-229;229;P;Szkoła Podstawowa nr 19;ul. Balonowa 1, 94-108 Łódź;1167
10;106101-230;230;P;Zespół Szkół Integracyjnych nr 1 Integracyjna Szkoła Podstawowa nr 67;ul. Maratońska 47b, 94-102 Łódź;1634
10;106101-231;231;P;Liceum Ogólnokształcące Jolanty i Jana Misiaków;al. Kardynała Wyszyńskiego 44, 94-047 Łódź;1753
10;106101-232;232;P;Szkoła Podstawowa nr 19;ul. Balonowa 1, 94-108 Łódź;1672
10;106101-233;233;P;Szkoła Podstawowa nr 44 im. prof. Jana Molla;ul. Kusocińskiego 100, 94-054 Łódź;1818
10;106101-234;234;P;Szkoła Podstawowa nr 44 im. prof. Jana Molla;ul. Kusocińskiego 100, 94-054 Łódź;1192
10;106101-235;235;P;Szkoła Podstawowa nr 44 im. prof. Jana Molla;ul. Kusocińskiego 100, 94-054 Łódź;1124
10;106101-236;236;P;Szkoła Podstawowa nr 6;ul. Kusocińskiego 116, 94-054 Łódź;995
10;106101-237;237;P;Szkoła Podstawowa nr 6;ul. Kusocińskiego 116, 94-054 Łódź;1015
10;106101-238;238;P;Szkoła Podstawowa nr 6;ul. Kusocińskiego 116, 94-054 Łódź;1955
10;106101-239;239;P;Przedszkole Miejskie nr 174;ul. Kusocińskiego 122a, 94-054 Łódź;1733
10;106101-240;240;P;Zespół Szkół Integracyjnych nr 1 Integracyjna Szkoła Podstawowa nr 67;ul. Maratońska 47b, 94-056 Łódź;2015
10;106101-241;241;P;Zespół Szkół Integracyjnych nr 1 Publiczne Gimnazjum Integracyjne nr 47 (Budynek Pałacu Młodzieży);al. Kardynała Wyszyńskiego 86, 94-050 Łódź;1986
10;106101-242;242;P;Przedszkole Miejskie nr 170;ul. Księdza Popiełuszki 13a, 94-052 Łódź;1984
10;106101-243;243;P;XXVI Liceum Ogólnokształcące im. Krzysztofa Kamila Baczyńskiego;ul. Wileńska 22a, 94-029 Łódź;1418
10;106101-244;244;P;Zespół Szkolno-Przedszkolny nr 1;ul. Krzemieniecka 24a, 94-017 Łódź;1046
10;106101-245;245;P;Zespół Szkolno-Przedszkolny nr 1;ul. Krzemieniecka 24a, 94-017 Łódź;1161
10;106101-246;246;P;Miejska Pracownia Urbanistyczna w Łodzi;ul. Wileńska 53/55, 94-016 Łódź;1691
10;106101-247;247;P;XXVI Liceum Ogólnokształcące im. Krzysztofa Kamila Baczyńskiego;ul. Wileńska 22a, 94-029 Łódź;1755
10;106101-248;248;P;Szkoła Podstawowa nr 164 im. Andrzeja Frycza Modrzewskiego;ul. Wróblewskiego 65, 94-035 Łódź;1523
10;106101-249;249;P;Szkoła Podstawowa nr 164 im. Andrzeja Frycza Modrzewskiego;ul. Wróblewskiego 65, 94-035 Łódź;1995
10;106101-250;250;P;Publiczne Gimnazjum nr 20 im. Hugona Kołłątaja;ul. Olimpijska 9, 94-043 Łódź;1639
10;106101-251;251;P;Publiczne Gimnazjum nr 20 im. Hugona Kołłątaja;ul. Olimpijska 9, 94-043 Łódź;1488
10;106101-252;252;P;Szkoła Podstawowa nr 41 im. Króla Władysława Jagiełły;ul. Rajdowa 18, 94-003 Łódź;1738
10;106101-253;253;P;Szkoła Podstawowa nr 41 im. Króla Władysława Jagiełły;ul. Rajdowa 18, 94-003 Łódź;1061
10;106101-254;254;P;Szkoła Podstawowa nr 41 im. Króla Władysława Jagiełły;ul. Rajdowa 18, 94-003 Łódź;1310
10;106101-255;255;P;Szkoła Podstawowa nr 11 im. Marii Kownackiej;ul. Hufcowa 20A, 94-107 Łódź;1621
10;106101-256;256;P;Przedszkole Miejskie nr 165;ul. Hufcowa 14, 94-107 Łódź;1973
10;106101-257;257;P;Łódzkie Stowarzyszenie Oświatowe;ul. Babickiego 15, 94-056 Łódź;1007
10;106101-258;258;P;Łódzkie Stowarzyszenie Oświatowe;ul. Babickiego 15, 94-056 Łódź;941
10;106101-259;259;P;Szkoła Podstawowa nr 11 im. Marii Kownackiej;ul. Hufcowa 20A, 94-107 Łódź;1949
10;106101-260;260;P;Miejski Zespół Żłobków w Łodzi Żłobek Nr 21;ul. Marusarzówny 9, 94-041 Łódź;1400
10;106101-261;261;P;Przedszkole Miejskie nr 214;ul. Batalionów Chłopskich 21, 94-058 Łódź;1606
10;106101-262;262;P;Przedszkole Miejskie nr 214;ul. Batalionów Chłopskich 21, 94-058 Łódź;2196
10;106101-263;263;P;Szkoła Podstawowa nr 137 im. prof. Aleksandra Kamińskiego;ul. Florecistów 3b, 94-042 Łódź;1674
10;106101-264;264;P;Szkoła Podstawowa nr 137 im. prof. Aleksandra Kamińskiego;ul. Florecist 3b, 94-042 Łódź;1640
10;106101-265;265;P;KME Sp. z o.o.;ul. Obywatelska 128, 94-104 Łódź;1300
10;106101-266;266;P;"Spółdzielnia Mieszkaniowa ""Pienista""";ul. Kubusia Puchatka 9, 94-119 Łódź;1748
10;106101-267;267;P;Grupowa Oczyszczalnia Ścieków w Łodzi Sp. z o.o.;ul. Sanitariuszek 70/72, 93-469 Łódź;606
10;106101-268;268;P;Szkoła Podstawowa nr 169 im. Marii Dąbrowskiej;ul. Napoleońska 7/17, 94-231 Łódź;1456
10;106101-269;269;P;Szkoła Podstawowa nr 169 im. Marii Dąbrowskiej;ul. Napoleońska 7/17, 94-231 Łódź;1043
10;106101-270;270;P;Szkoła Podstawowa nr 169 im. Marii Dąbrowskiej;ul. Napoleońska 7/17, 94-231 Łódź;1556
10;106101-271;271;P;"Real Property Sp. z o.o. (obiekt ""VERA"")";ul. Siewna 15, 94-250 Łódź;1916
10;106101-272;272;P;Zespół Szkół Społecznego Towarzystwa Oświatowego w Łodzi;ul. Czerwona 8, 93-005 Łódź;1585
10;106101-273;273;P;Państwowa Wyższa Szkoła Filmowa, Telewizyjna i Teatralna im. Leona Schillera I Dom Studenta;ul. Piotrkowska 189/191, 90-447 Łódź;1575
10;106101-274;274;P;Miejska Biblioteka Publiczna Łódź-Śródmieście im. Andrzeja Struga Filia Nr 9 dla Dorosłych;ul. Brzeźna 10, 90-303 Łódź;1912
10;106101-275;275;P;Szkoła Podstawowa nr 2 im. ks. Jana Twardowskiego;ul. Sienkiewicza 137/139, 90-302 Łódź;1369
10;106101-276;276;P;Szkoła Podstawowa nr 14 im. Józefa Lompy;ul. Wigury 8/10, 90-301 Łódź;1547
10;106101-277;277;P;Lokal Rady Osiedla Katedralna;ul. Żwirki 3, 90-448 Łódź;1135
10;106101-278;278;P;Publiczne Gimnazjum nr 5 im. Króla Władysława Jagiełły;ul. Sienkiewicza 117, 90-301 Łódź;874
10;106101-279;279;P;Przedszkole Miejskie nr 5; al. Kościuszki 54, 90-428 Łódź;1769
10;106101-280;280;P;III Liceum Ogólnokształcące im. Tadeusza Kościuszki;ul. Sienkiewicza 46, 90-009 Łódź;1333
10;106101-281;281;P;III Liceum Ogólnokształcące im. Tadeusza Kościuszki;ul. Sienkiewicza 46, 90-009 Łódź;1525
10;106101-282;282;P;Administracja Zasobów Komunalnych Łódź-Śródmieście Rejon Obsługi Najemców II;ul. Dowborczyków 5, 90-019 Łódź;1397
10;106101-283;283;P;Akademia Muzyczna im. Grażyny i Kiejstuta Bacewiczów w Łodzi;ul. Kilińskiego 79, 90-119 Łódź;428
10;106101-284;284;P;Uniwersytet Medyczny w Łodzi;al. Kościuszki 4, 90-419 Łódź;905
10;106101-285;285;P;Związek Młodzieży Chrześcijańskiej Polska YMCA Ognisko w Łodzi;ul. Moniuszki 4a, 90-111 Łódź;1112
10;106101-286;286;P;Uniwersytet Łódzki Wydział Filologiczny;ul. Sienkiewicza 21, 90-114 Łódź;1342
10;106101-287;287;P;Publiczne Gimnazjum nr 2 im. Królowej Jadwigi;ul. Jaracza 26, 90-262 Łódź;1613
10;106101-288;288;P;Przedszkole Miejskie nr 100;ul. Piotrkowska 44, 90-265 Łódź;950
10;106101-289;289;P;Ośrodek Szkolenia Kierowców Krzysztof Kołodziejczak;ul. Więckowskiego 13, 90-721 Łódź;1813
10;106101-290;290;P;Szkoła Podstawowa nr 23 im. Marii Bohuszewiczówny;ul. Gdańska 16, 90-707 Łódź;1507
10;106101-291;291;P;Szkoła Podstawowa nr 23 im. Marii Bohuszewiczówny;ul. Gdańska 16, 90-707 Łódź;898
10;106101-292;292;P;IV Liceum Ogólnokształcące im. Emilii Sczanieckiej;ul. Pomorska 16, 91-416 Łódź;815
10;106101-293;293;P;IV Liceum Ogólnokształcące im. Emilii Sczanieckiej;ul. Pomorska 16, 91-416 Łódź;2143
10;106101-294;294;P;Szkoła Podstawowa nr 175 im. Henryka Ryla;ul. Pomorska 27, 90-202 Łódź;1138
10;106101-295;295;P;Szkoła Podstawowa nr 70 im. Stanisława Wyspiańskiego;ul. Rewolucji 1905 r. nr 22, 90-207 Łódź;2005
10;106101-296;296;P;Publiczne Gimnazjum nr 2 im. Królowej Jadwigi;ul. Jaracza 26, 90-262 Łódź;1543
10;106101-297;297;P;Lokal Rady Osiedla Śródmieście-Wschód;ul. Jaracza 42, 90-252 Łódź;1336
10;106101-298;298;P;Szkoła Podstawowa z Oddziałami Integracyjnymi nr 111;ul. Jaracza 44/46, 90-252 Łódź;1583
10;106101-299;299;P;Akademia Humanistyczno- Ekonomiczna w Łodzi;ul. Pomorska 51, 90-204 Łódź;1628
10;106101-300;300;P;Szkoła Podstawowa nr 1 im. Adama Mickiewicza;ul. Sterlinga 24, 90-212 Łódź;894
10;106101-301;301;P;Polsko-Amerykański Ośrodek Kształcenia Zawodowego;ul. Kamińskiego 17/19, 90-229 Łódź;1120
10;106101-302;302;P;Publiczne Gimnazjum nr 3 im. Fryderyka Chopina;ul. Zacisze 7/9, 90-228 Łódź;1385
10;106101-303;303;P;VIII Liceum Ogólnokształcące im. Adama Asnyka;ul. Pomorska 105, 91-402 Łódź;2156
10;106101-304;304;P;MPK - Łódź Sp. z o.o.;ul. Tramwajowa 8, 90-132 Łódź;1833
10;106101-305;305;P;"XXIX Liceum Ogólnokształcące im. Hm. Janka Bytnara ""Rudego""";ul. Zelwerowicza 38/44, 90-148 Łódź;1739
10;106101-306;306;P;Bursa Samorządu Województwa Łódzkiego w Łodzi;ul. Narutowicza 122, 92-145 Łódź;1082
10;106101-307;307;P;Uniwersytet Łódzki Wydział Chemii;ul. Tamka 12, 92-403 Łódź;1627
10;106101-308;308;P;Szkoła Podstawowa nr 79 im. Łódzkich Olimpijczyków;ul. Pomorska 138, 92-404 Łódź;582
10;106101-309;309;P;Zespół Szkół Ogólnokształcących nr 8 im. Stanisława Staszica;ul. Czernika 1/3, 92-538 Łódź;1265
10;106101-310;310;P;Zespół Szkół Ogólnokształcących nr 8 im. Stanisława Staszica;ul. Czernika 1/3, 92-538 Łódź;1398
10;106101-311;311;P;Zespół Szkół Ogólnokształcących nr 8 im. Stanisława Staszica;ul. Czernika 1/3, 92-538 Łódź;1787
10;106101-312;312;P;Zespół Szkół Ogólnokształcących nr 8 im. Stanisława Staszica;ul. Czernika 1/3, 92-538 Łódź;1219
10;106101-313;313;P;Zespół Szkół Ogólnokształcących nr 8 im. Stanisława Staszica;ul. Czernika 1/3, 92-538 Łódź;1274
10;106101-314;314;P;Szkoła Podstawowa nr 199 im. Juliana Tuwima;ul. Elsnera 8, 92-504 Łódź;1504
10;106101-315;315;P;Szkoła Podstawowa nr 199 im. Juliana Tuwima;ul. Elsnera 8, 92-504 Łódź;1637
10;106101-316;316;P;Szkoła Podstawowa nr 199 im. Juliana Tuwima;ul. Elsnera 8, 92-504 Łódź;863
10;106101-317;317;P;Szkoła Podstawowa nr 199 im. Juliana Tuwima;ul. Elsnera 8, 92-504 Łódź;737
10;106101-318;318;P;Szkoła Podstawowa nr 199 im. Juliana Tuwima;ul. Elsnera 8, 92-504 Łódź;1355
10;106101-319;319;P;Szkoła Podstawowa nr 34 im. Leona Kruczkowskiego;ul. Ćwiklińskiej 9, 92-508 Łódź;1898
10;106101-320;320;P;Szkoła Podstawowa nr 34 im. Leona Kruczkowskiego;ul. Ćwiklińskiej 9, 92-508 Łódź;1574
10;106101-321;321;P;Szkoła Podstawowa nr 34 im. Leona Kruczkowskiego;ul. Ćwiklińskiej 9, 92-508 Łódź;1392
10;106101-322;322;P;Zespół Szkół Ogólnokształcących nr 1;ul. Czajkowskiego 14, 92-511 Łódź;1268
10;106101-323;323;P;Zespół Szkół Ogólnokształcących nr 1;ul. Czajkowskiego 14, 92-511 Łódź;1028
10;106101-324;324;P;Zespół Szkół Ogólnokształcących nr 1;ul. Czajkowskiego 14, 92-511 Łódź;905
10;106101-325;325;P;Szkoła Podstawowa nr 33 im. Stefana Kopcińskiego;ul. Lermontowa 7, 92-512 Łódź;1713
10;106101-326;326;P;Szkoła Podstawowa nr 33 im. Stefana Kopcińskiego;ul. Lermontowa 7, 92-512 Łódź;1811
10;106101-327;327;P;Szkoła Podstawowa nr 33 im. Stefana Kopcińskiego;ul. Lermontowa 7, 92-512 Łódź;1721
10;106101-328;328;P;Szkoła Podstawowa nr 12 im. Mariana Batki;ul. Jurczyńskiego 1/3, 92-306 Łódź;1065
10;106101-329;329;P;Szkoła Podstawowa nr 12 im. Mariana Batki;ul. Jurczyńskiego 1/3, 92-306 Łódź;1347
10;106101-330;330;P;Szkoła Podstawowa nr 12 im. Mariana Batki;ul. Jurczyńskiego 1/3, 92-306 Łódź;890
10;106101-331;331;P;Szkoła Podstawowa nr 12 im. Mariana Batki;ul. Jurczyńskiego 1/3, 92-306 Łódź;992
10;106101-332;332;P;Szkoła Podstawowa nr 114 im. prof. Jana Dembowskiego;ul. Milionowa 64, 92-334 Łódź;1707
10;106101-333;333;P;Szkoła Podstawowa nr 114 im. prof. Jana Dembowskiego;ul. Milionowa 64, 92-334 Łódź;1708
10;106101-334;334;P;Lokal Rady Osiedla Nr 33;ul. Dyspozytorska 3, 92-402 Łódź;637
10;106101-335;335;P;Szkoła Podstawowa nr 141 im. gen. Mariusza Zaruskiego;ul. Zakładowa 35, 92-402 Łódź;2091
10;106101-336;336;P;Szkoła Podstawowa nr 141 im. gen. Mariusza Zaruskiego;ul. Zakładowa 35, 92-402 Łódź;1634
10;106101-337;337;P;Szkoła Podstawowa nr 141 im. gen. Mariusza Zaruskiego;ul. Zakładowa 35, 92-402 Łódź;1640
10;106101-338;338;P;Publiczne Gimnazjum nr 36 im. Krzysztofa Kieślowskiego;ul.Dąbrówki 1, 92-413 Łódź;1788
10;106101-339;339;P;Publiczne Gimnazjum nr 36 im. Krzysztofa Kieślowskiego;ul. Dąbrówki 1, 92-413 Łódź;1658
10;106101-340;340;P;Publiczne Gimnazjum nr 36 im. Krzysztofa Kieślowskiego;ul.Dąbrówki 1, 92-413 Łódź;1804
10;106101-341;341;P;Przedszkole Miejskie nr 4;ul. Kmicica 5, 92-433 Łódź;1547
10;106101-342;342;P;Przedszkole Miejskie nr 4;ul. Kmicica 5, 92-433 Łódź;1531
10;106101-343;343;P;Przedszkole Miejskie nr 4;ul.Kmicica 5, 92-433 Łódź;1909
10;106101-344;344;P;Przedszkole Miejskie nr 4;ul. Kmicica 5, 92-433 Łódź;1704
10;106101-345;345;P;Lokal Rady Osiedla Dolina Łódki;ul. Beskidzka 172, 91-610 Łódź;1458
10;106101-346;346;P;"Szkoła Publiczna Szkoła Podstawowa ""Mileszki""";ul. Pomorska 437, 92-735 Łódź;1402
10;106101-347;347;P;Szkoła Podstawowa nr 37 im. Janusza Kusocińskiego;ul. Szpitalna 9/11, 92-207 Łódź;1167
10;106101-348;348;P;Szkoła Podstawowa nr 37 im. Janusza Kusocińskiego;ul. Szpitalna 9/11, 92-207 Łódź;1387
10;106101-349;349;P;Szkoła Podstawowa nr 37 im. Janusza Kusocińskiego;ul. Szpitalna 9/11, 92-207 Łódź;1329
10;106101-350;350;P;Szkoła Podstawowa nr 4 im. Komisji Edukacji Narodowej;al. Marszałka Piłsudskiego 101, 92-329 Łódź;1210
10;106101-351;351;P;Szkoła Podstawowa nr 4 im. Komisji Edukacji Narodowej;al. Marszałka Piłsudskiego 101, 92-329 Łódź;1417
10;106101-352;352;P;Szkoła Podstawowa nr 29 im. Jana Kochanowskiego;ul. Przędzalniana 70, 90-338 Łódź;1611
10;106101-353;353;P;Szkoła Podstawowa nr 170 im. Anieli Krzywoń;ul. Miedziana 1/3, 90-038 Łódź;1595
10;106101-354;354;P;Szkoła Podstawowa nr 170 im. Anieli Krzywoń;ul.Miedziana 1/3, 90-038 Łódź;1184
10;106101-355;355;P;Szkoła Podstawowa nr 170 im. Anieli Krzywoń;ul. Miedziana 1/3, 90-038 Łódź;2170
10;106101-356;356;P;II Liceum Ogólnokształcące im. Gabriela Narutowicza;ul. Nowa 11/13, 90-031 Łódź;1263
10;106101-357;357;P;II Liceum Ogólnokształcące im. Gabriela Narutowicza;ul. Nowa 11/13, 90-031 Łódź;1014
10;106101-358;358;P;Publiczne Gimnazjum nr 32 im. Karola Wojtyły;ul. Fabryczna 4, 90-325 Łódź;1685
10;106101-359;359;P;Szkoła Podstawowa nr 29 im. Jana Kochanowskiego;ul. Przędzalniana 70, 90-338 Łódź;1527
10;106101-360;360;P;Szkoła Podstawowa nr 29 im. Jana Kochanowskiego;ul. Przędzalniana 70, 90-338 Łódź;1371
10;106101-361;361;P;Zespół Szkolno-Przedszkolny nr 2;ul.Jugosłowiańska 2, 92-720 Łódź;1682
10;106101-362;362;P;Zespół Szkolno-Przedszkolny nr 2;ul. Jugosłowiańska 2, 92-720 Łódź;1177
10;106101-363;363;P;Przedszkole Miejskie nr 230;ul. Przylesie 22, 92-644 Łódź;1303
10;106101-364;364;P;Szkoła Podstawowa nr 204 im. Stefana Kardynała Wyszyńskiego;ul. Gajcego 7/11, 92-610 Łódź;1604
10;106101-365;365;P;Szkoła Podstawowa nr 204 im. Stefana Kardynała Wyszyńskiego;ul. Gajcego 7/11, 02-610 Łódź;1690
10;106101-366;366;P;Przedszkole Miejskie nr 65;ul. Przybyszewskiego 92, 93-100 Łódź;1702
10;106101-367;367;P;XLIV Liceum Ogólnokształcące;ul. Wacława 22/24, 93-118 Łódź;1143
10;106101-368;368;P;Przedszkole Miejskie nr 221-Integracyjne;al. Marszałka Śmigłego-Rydza 38, 93-281 Łódź;1635
10;106101-369;369;P;"Szkoła Podstawowa nr 149 im. ""Obrońców Westerplatte""";ul. Tatrzańska 69a, 93-219 Łódź;1710
10;106101-370;370;P;"Szkoła Podstawowa nr 149 im. ""Obrońców Westerplatte""";ul. Tatrzańska 69a, 93-291 Łódź;2177
10;106101-371;371;P;"Szkoła Podstawowa nr 149 im. ""Obrońców Westerplatte""";ul. Tatrzańska 69a, 93-219 Łódź;1780
10;106101-372;372;P;Szkoła Podstawowa nr 193 im. Krzysztofa Kamila Baczyńskiego;ul. Standego 1, 93-221 Łódź;1853
10;106101-373;373;P;Szkoła Podstawowa nr 193 im. Krzysztofa Kamila Baczyńskiego;ul. Standego 1, 93-221 Łódź;1289
10;106101-374;374;P;Szkoła Podstawowa nr 193 im. Krzysztofa Kamila Baczyńskiego;ul. Standego 1, 93-221 Łódź;1082
10;106101-375;375;P;Gimnazjum Publiczne nr 31 im. Szarych Szeregów;ul. Generała Grota-Roweckiego 1, 93-217 Łódź;1166
10;106101-376;376;P;Gimnazjum Publiczne nr 31 im. Szarych Szeregów;ul. Generała Grota-Roweckiego 1, 93-217 Łódź;1130
10;106101-377;377;P;Gimnazjum Publiczne nr 31 im. Szarych Szeregów;ul. Generała Grota-Roweckiego 1, 93-217 Łódź;940
10;106101-378;378;P;Publiczne Gimnazjum nr 33;ul. Janosika 136, 92-108 Łódź;1209
10;106101-379;379;P;Publiczne Gimnazjum nr 33;ul. Janosika 136, 92-108 Łódź;1108
10;106101-380;380;P;Szkoła Podstawowa nr 139 im. Wojska Polskiego;ul. Giewont 28, 92-116 Łódź;1854
10;106101-381;381;P;Szkoła Podstawowa nr 139 im. Wojska Polskiego;ul. Giewont 28, 92-116 Łódź;1668
10;106101-382;382;P;Pogotowie Opiekuńcze Nr 1;ul. Krokusowa 15/17, 92-101 Łódź;1714
10;106101-383;383;P;Publiczne Gimnazjum nr 30 im. Adama Mickiewicza;ul. Nowogrodzka 6/14, 92-221 Łódź;1468
10;106101-384;384;L;Specjalistyczny Psychiatryczny Zespół Opieki Zdrowotnej w Łodzi;Aleksandrowska 159, 91-229 Łódź;517
10;106101-385;385;L;Wojewódzki Zespół Zakładów Opieki Zdrowotnej Centrum Leczenia Chorób Płuc i Rehabilitacji w Łodzi;ul. Okólna 181, 91-520 Łódź;305
10;106101-386;386;L;Wojewódzki Specjalistyczny Szpital im. dr. W. Biegańskiego w Łodzi;ul. Kniaziewicza 1/5, 91-347 Łódź;259
10;106101-387;387;L;IV Szpital Miejski im. dr. H. Jordana w Łodzi;ul. Przyrodnicza 7/9, 91-480 Łódź;100
10;106101-388;388;L;Samodzielny Publiczny Zakład Opieki Zdrowotnej Ministerstwa Spraw Wewnętrznych w Łodzi;ul. Północna 42, 91-425 Łódź;200
10;106101-389;389;L;Wojewódzkie Centrum Ortopedii i Rehabilitacji Narządu Ruchu im. dr. Z. Radlińskiego w Łodzi;ul. Drewnowska 75, 91-002 Łódź;82
10;106101-390;390;Z;6 Dom Pomocy Społecznej w Łodzi;ul. Złotnicza 10, 91-836 Łódź;133
10;106101-391;391;Z;"Dom Pomocy Społecznej ""Pogodna Jesień"" w Łodzi";ul. Dojazdowa 5/7, 91-503 Łódź;83
10;106101-392;392;Z;"Dom Pomocy Społecznej ""Dom Kombatanta"" w Łodzi";ul. Przyrodnicza 24/26, 91-480 Łódź;47
10;106101-393;393;Z;Dom Pomocy Społecznej w Łodzi;ul. Rojna 15, 91-142 Łódź;92
10;106101-394;394;A;Areszt Śledczy w Łodzi;ul. Smutna 21, 91-729 Łódź;1138
10;106101-395;395;L;Instytut Centrum Zdrowia Matki Polki w Łodzi;ul. Rzgowska 281/289, 93-338 Łódź;459
10;106101-396;396;L;Wojewódzki Specjalistyczny Szpital im. M. Kopernika w Łodzi;ul. Pabianicka 62, 93-512 Łódź;800
10;106101-397;397;L;BONI FRATRES LODZIENSIS sp. z o.o. Szpital Zakonu Bonifratrów św. Jana Bożego w Łodzi;ul. Kosynierów Gdyńskich 61, 93-357 Łódź;154
10;106101-398;398;Z;5 Dom Pomocy Społecznej w Łodzi;ul. Podgórna 2/14, 94-234 Łódź;174
10;106101-399;399;Z;3 Dom Pomocy Społecznej w Łodzi;ul. Paradna 36, 93-345 Łódź;115
10;106101-400;400;Z;Dom Pomocy Społecznej w Łodzi;ul. Rudzka 56, 93-423 Łódź;100
10;106101-401;401;Z;Dom Pomocy Społecznej Sióstr Służebniczek NMP NP im. bł. Edmunda Bojanowskiego w Łodzi;ul. Kosynierów Gdyńskich 20, 93-357 Łódź;116
10;106101-402;402;K;Zakład Karny Nr 2 w Łodzi;ul. Kraszewskiego 1/5, 93-161 Łódź;328
10;106101-403;403;D;Wyższa Szkoła Informatyki i Umiejętności Dom Studencki;ul. Rzgowska 17A, 93-008 Łódź;120
10;106101-404;404;L;Samodzielny Publiczny Zakład Opieki Zdrowotnej Uniwersytecki Szpital Kliniczny im;Żeromskiego 113, 90-549 Łódź;329
10;106101-405;405;L;Samodzielny Publiczny Zakład Opieki Zdrowotnej Uniwersytecki Szpital Kliniczny im;pl. Hallera 1, 90-647 Łódź;168
10;106101-406;406;L;Wojewódzki Specjalistyczny Szpital im. M. Pirogowa w Łodzi;ul. Wólczańska 191/195, 90-531 Łódź;256
10;106101-407;407;L;Wojewódzki Specjalistyczny Szpital im. M. Pirogowa w Łodzi Ośrodek Szpitalny im. M. Madurowicza;ul. Wileńska 37, 94-029 Łódź;277
10;106101-408;408;Z;2 Dom Pomocy Społecznej w Łodzi;ul. 28 Pułku Strzelców Kaniowskich 32, 90-640 Łódź;100
10;106101-409;409;Z;"Dom Pomocy Społecznej ""Włókniarz"" im. Jana Pawła II w Łodzi";ul. Krzemieniecka 7/9, 94-017 Łódź;115
10;106101-410;410;D;Politechnika Łódzka Obiekt C 15;al. Politechniki 3a, 93-590 Łódź;2888
10;106101-411;411;L;Samodzielny Publiczny Zakład Opieki Zdrowotnej Uniwersytecki Szpital Kliniczny im;ul. Sterlinga 1/3, 91-425 Łódź;163
10;106101-412;412;L;Samodzielny Publiczny Zakład Opieki Zdrowotnej Uniwersytecki Szpital Kliniczny nr 1 im;ul. Kopcińskiego 22, 90-153 Łódź;343
10;106101-413;413;L;II Szpital Miejski im. dr. L. Rydygiera w Łodzi;ul. Sterlinga 13, 90-217 Łódź;50
10;106101-414;414;Z;Dom Pomocy Społecznej w Łodzi;ul. Narutowicza 114, 90-145 Łódź;83
10;106101-415;415;D;Uniwersytet Łódzki II Dom Studenta;ul. Lumumby 18/20, 91-404 Łódź;2903
10;106101-416;416;L;Centrum Rehabilitacyjno-Opiekuńcze -Dom Pomocy Społecznej w Łodzi;ul. Przybyszewskiego 255/267, 92-314 Łódź;596
10;106101-417;417;L;Samodzielny Publiczny Zakład Opieki Zdrowotnej Centralny Szpital Kliniczny Instytut Stomatologii ;ul. Pomorska 21, 90-202 Łódź;186
10;106101-418;418;L;Samodzielny Publiczny Zakład Opieki Zdrowotnej Uniwersytecki Szpital Kliniczny im. Wojskowej ;ul. Pieniny 30, 92-003 Łódź;128
10;106101-419;419;L;II Szpital Miejski im. dr. K. Jonschera w Łodzi;ul. Milionowa 14, 93-102 Łódź;337
10;106101-420;420;K;Zakład Karny Nr 1 w Łodzi;ul. Beskidzka 54, 91-611 Łódź;558
10;106101-421;421;L;Centrum Kliniczno-Dydaktyczne Uniwersytetu Medycznego w Łodzi;Pomorska 251, 92-213 Łódź;50
